--DELETE FROM product where 1 = 1;
--INSERT INTO `product` (`product_no`, `product_img`, `product_name`, `product_price`) VALUES (1, 'img/product/product_5.png', 'Colorful Stylish Shirt', 150);
--INSERT INTO `product` (`product_no`, `product_img`, `product_name`, `product_price`) VALUES (2, 'img/product/product_1.png', 'Quartz Belt Watch', 100);
--INSERT INTO `product` (`product_no`, `product_img`, `product_name`, `product_price`) VALUES (3, 'img/product/product_2.png', 'Full Skirt Dress', 160);
--INSERT INTO `product` (`product_no`, `product_img`, `product_name`, `product_price`) VALUES (4, 'img/product/product_3.png', 'Beautiful Skirt', 250);
--INSERT INTO `product` (`product_no`, `product_img`, `product_name`, `product_price`) VALUES (5, 'img/product/product_4.png', 'Trendy Blouse', 180);
--INSERT INTO `product` (`product_no`, `product_img`, `product_name`, `product_price`) VALUES (6, 'img/product/product_6.png', 'BodyCon Dress', 130);

DELETE FROM cart;
DELETE FROM review;
DELETE FROM member where 1 = 1;
DELETE FROM product where 1 = 1;
DELETE FROM category;
DELETE FROM attachment;

INSERT INTO `member` (`mem_no`, `mem_email`, `mem_name`, `mem_pwd`, `phone`, `address1`, `address2`, `post_no`, `ad_check`, `enroll_date`, `mem_state`) VALUES (1, 'user01@nieve.com', '최정민', '$2a$10$lWLwG/WfcBmUyjxCj.i.eeWp.6qdsVx7ibQVEi47KliP.xTzfFXJ.', '01018072260', '경상북도', '포항시', '01311', 'Y', '2022-12-21', 'Y');
INSERT INTO `member` (`mem_no`, `mem_email`, `mem_name`, `mem_pwd`, `phone`, `address1`, `address2`, `post_no`, `ad_check`, `enroll_date`, `mem_state`) VALUES (2, 'user02@nieve.com', '황민경', '$2a$10$lWLwG/WfcBmUyjxCj.i.eeWp.6qdsVx7ibQVEi47KliP.xTzfFXJ.', '01027464251', '서울특별시', '서초구 반포동', '01515', 'Y', '2023-06-02', 'Y');
INSERT INTO `member` (`mem_no`, `mem_email`, `mem_name`, `mem_pwd`, `phone`, `address1`, `address2`, `post_no`, `ad_check`, `enroll_date`, `mem_state`) VALUES (3, 'user03@nieve.com', '이소영', '$2a$10$lWLwG/WfcBmUyjxCj.i.eeWp.6qdsVx7ibQVEi47KliP.xTzfFXJ.', '01037569273', '충청남도', '아산시', '011111', 'Y', '2023-10-17', 'Y');
INSERT INTO `member` (`mem_no`, `mem_email`, `mem_name`, `mem_pwd`, `phone`, `address1`, `address2`, `post_no`, `ad_check`, `enroll_date`, `mem_state`) VALUES (4, 'user04@nieve.com', '김희진', '$2a$10$lWLwG/WfcBmUyjxCj.i.eeWp.6qdsVx7ibQVEi47KliP.xTzfFXJ.', '01048575284', '부산광역시', '영도구', '077777', 'Y', '2023-04-29', 'Y');
INSERT INTO `member` (`mem_no`, `mem_email`, `mem_name`, `mem_pwd`, `phone`, `address1`, `address2`, `post_no`, `ad_check`, `enroll_date`, `mem_state`) VALUES (5, 'user05@nieve.com', '육서영', '$2a$10$lWLwG/WfcBmUyjxCj.i.eeWp.6qdsVx7ibQVEi47KliP.xTzfFXJ.', '01058071265', '서울특별시', '마포구', '012345', 'Y', '2023-06-09', 'Y');
INSERT INTO `member` (`mem_no`, `mem_email`, `mem_name`, `mem_pwd`, `phone`, `address1`, `address2`, `post_no`, `ad_check`, `enroll_date`, `mem_state`) VALUES (6, 'user06@nieve.com', '표승주', '$2a$10$lWLwG/WfcBmUyjxCj.i.eeWp.6qdsVx7ibQVEi47KliP.xTzfFXJ.', '01068278276', '경상남도', '울산군', '001019', 'Y', '2023-08-07', 'Y');
INSERT INTO `member` (`mem_no`, `mem_email`, `mem_name`, `mem_pwd`, `phone`, `address1`, `address2`, `post_no`, `ad_check`, `enroll_date`, `mem_state`) VALUES (7, 'user07@nieve.com', '김윤우', '$2a$10$lWLwG/WfcBmUyjxCj.i.eeWp.6qdsVx7ibQVEi47KliP.xTzfFXJ.', '01017759202', '서울특별시', '동대문구', '044444', 'Y', '2023-03-08', 'Y');
INSERT INTO `member` (`mem_no`, `mem_email`, `mem_name`, `mem_pwd`, `phone`, `address1`, `address2`, `post_no`, `ad_check`, `enroll_date`, `mem_state`) VALUES (8, 'user08@nieve.com', '김하경', '$2a$10$lWLwG/WfcBmUyjxCj.i.eeWp.6qdsVx7ibQVEi47KliP.xTzfFXJ.', '01017465277', '서울특별시', '성북구', '055555', 'Y', '2023-11-15', 'Y');
INSERT INTO `member` (`mem_no`, `mem_email`, `mem_name`, `mem_pwd`, `phone`, `address1`, `address2`, `post_no`, `ad_check`, `enroll_date`, `mem_state`) VALUES (9, 'user09@nieve.com', '김채원', '$2a$10$lWLwG/WfcBmUyjxCj.i.eeWp.6qdsVx7ibQVEi47KliP.xTzfFXJ.', '01016751266', '전라남도', '목포시', '014050', 'Y', '2023-09-16', 'Y');
INSERT INTO `member` (`mem_no`, `mem_email`, `mem_name`, `mem_pwd`, `phone`, `address1`, `address2`, `post_no`, `ad_check`, `enroll_date`, `mem_state`) VALUES (10, 'user10@nieve.com', '김연경', '$2a$10$lWLwG/WfcBmUyjxCj.i.eeWp.6qdsVx7ibQVEi47KliP.xTzfFXJ.', '01079272297', '경기도', '안산시 초지동', '010100', 'Y', '2023-02-26', 'Y');
INSERT INTO `member` (`mem_no`, `mem_email`, `mem_name`, `mem_pwd`, `phone`, `address1`, `address2`, `post_no`, `ad_check`, `enroll_date`, `mem_state`) VALUES (11, 'user11@nieve.com', '박정아', '$2a$10$lWLwG/WfcBmUyjxCj.i.eeWp.6qdsVx7ibQVEi47KliP.xTzfFXJ.', '01088774278', '부산광역시', '동래구', '010013', 'Y', '2023-03-26', 'Y');

INSERT INTO `category` (`category_no`, `category_name`) VALUES (1, 'OUTER');
INSERT INTO `category` (`category_no`, `category_name`) VALUES (2, 'TOP');
INSERT INTO `category` (`category_no`, `category_name`) VALUES (3, 'PANTS');
INSERT INTO `category` (`category_no`, `category_name`) VALUES (4, 'SKIRT');
INSERT INTO `category` (`category_no`, `category_name`) VALUES (5, 'DRESS');

INSERT INTO `attachment` (`file_no`, `upload_date`, `change_name`, `file_path`, `origin_name`, `status`) VALUES (1, '2024-05-07 13:42:41.000000', 'hk_restock_out_melotd_1.jpg', 'upload-dir/hk_restock_out_melotd_1.jpg', 'hk_restock_out_melotd_1.jpg', 'Y');
INSERT INTO `attachment` (`file_no`, `upload_date`, `change_name`, `file_path`, `origin_name`, `status`) VALUES (2, '2024-05-07 13:42:41.000000', 'hk_restock_out_melotd_2.jpg', 'upload-dir/hk_restock_out_melotd_2.jpg', 'hk_restock_out_melotd_2.jpg', 'Y');
INSERT INTO `attachment` (`file_no`, `upload_date`, `change_name`, `file_path`, `origin_name`, `status`) VALUES (3, '2024-05-07 13:42:41.000000', 'hk_restock_out_melotd_3.jpg', 'upload-dir/hk_restock_out_melotd_3.jpg', 'hk_restock_out_melotd_3.jpg', 'Y');
INSERT INTO `attachment` (`file_no`, `upload_date`, `change_name`, `file_path`, `origin_name`, `status`) VALUES (4, '2024-05-07 13:42:41.000000', 'ya_je15out_1.jpg', 'upload-dir/ya_je15out_1.jpg', 'ya_je15out_1.jpg', 'Y');
INSERT INTO `attachment` (`file_no`, `upload_date`, `change_name`, `file_path`, `origin_name`, `status`) VALUES (5, '2024-05-07 13:42:41.000000', 'ya_je15out_2.jpg', 'upload-dir/ya_je15out_2.jpg', 'ya_je15out_2.jpg', 'Y');
INSERT INTO `attachment` (`file_no`, `upload_date`, `change_name`, `file_path`, `origin_name`, `status`) VALUES (6, '2024-05-07 13:42:41.000000', 'ya_je15out_3.jpg', 'upload-dir/ya_je15out_3.jpg', 'ya_je15out_3.jpg', 'Y');
INSERT INTO `attachment` (`file_no`, `upload_date`, `change_name`, `file_path`, `origin_name`, `status`) VALUES (7, '2024-05-07 13:42:41.000000', 'yj_eb18out_1.jpg', 'upload-dir/yj_eb18out_1.jpg', 'yj_eb18out_1.jpg', 'Y');
INSERT INTO `attachment` (`file_no`, `upload_date`, `change_name`, `file_path`, `origin_name`, `status`) VALUES (8, '2024-05-07 13:42:41.000000', 'yj_eb18out_2.jpg', 'upload-dir/yj_eb18out_2.jpg', 'yj_eb18out_2.jpg', 'Y');
INSERT INTO `attachment` (`file_no`, `upload_date`, `change_name`, `file_path`, `origin_name`, `status`) VALUES (9, '2024-05-07 13:42:41.000000', 'yj_eb18out_3.jpg', 'upload-dir/yj_eb18out_3.jpg', 'yj_eb18out_3.jpg', 'Y');
INSERT INTO `attachment` (`file_no`, `upload_date`, `change_name`, `file_path`, `origin_name`, `status`) VALUES (10, '2024-05-07 13:42:41.000000', 'hk_jn01_outd_1.jpg', 'upload-dir/hk_jn01_outd_1.jpg', 'hk_jn01_outd_1.jpg', 'Y');
INSERT INTO `attachment` (`file_no`, `upload_date`, `change_name`, `file_path`, `origin_name`, `status`) VALUES (11, '2024-05-07 13:42:41.000000', 'hk_jn01_outd_2.jpg', 'upload-dir/hk_jn01_outd_2.jpg', 'hk_jn01_outd_2.jpg', 'Y');
INSERT INTO `attachment` (`file_no`, `upload_date`, `change_name`, `file_path`, `origin_name`, `status`) VALUES (12, '2024-05-07 13:42:41.000000', 'hk_jn01_outd_3.jpg', 'upload-dir/hk_jn01_outd_3.jpg', 'hk_jn01_outd_3.jpg', 'Y');
INSERT INTO `attachment` (`file_no`, `upload_date`, `change_name`, `file_path`, `origin_name`, `status`) VALUES (13, '2024-05-07 13:42:41.000000', 'ya_je1out_1.jpg', 'upload-dir/ya_je1out_1.jpg', 'ya_je1out_1.jpg', 'Y');
INSERT INTO `attachment` (`file_no`, `upload_date`, `change_name`, `file_path`, `origin_name`, `status`) VALUES (14, '2024-05-07 13:42:41.000000', 'ya_je1out_2.jpg', 'upload-dir/ya_je1out_2.jpg', 'ya_je1out_2.jpg', 'Y');
INSERT INTO `attachment` (`file_no`, `upload_date`, `change_name`, `file_path`, `origin_name`, `status`) VALUES (15, '2024-05-07 13:42:41.000000', 'ya_je1out_3.jpg', 'upload-dir/ya_je1out_3.jpg', 'ya_je1out_3.jpg', 'Y');
INSERT INTO `attachment` (`file_no`, `upload_date`, `change_name`, `file_path`, `origin_name`, `status`) VALUES (16, '2024-05-07 13:42:41.000000', 'hj_jo6_sh_1.jpg', 'upload-dir/hj_jo6_sh_1.jpg', 'hj_jo6_sh_1.jpg', 'Y');
INSERT INTO `attachment` (`file_no`, `upload_date`, `change_name`, `file_path`, `origin_name`, `status`) VALUES (17, '2024-05-07 13:42:41.000000', 'hj_jo6_sh_2.jpg', 'upload-dir/hj_jo6_sh_2.jpg', 'hj_jo6_sh_2.jpg', 'Y');
INSERT INTO `attachment` (`file_no`, `upload_date`, `change_name`, `file_path`, `origin_name`, `status`) VALUES (18, '2024-05-07 13:42:41.000000', 'hj_jo6_sh_3.jpg', 'upload-dir/hj_jo6_sh_3.jpg', 'hj_jo6_sh_3.jpg', 'Y');
INSERT INTO `attachment` (`file_no`, `upload_date`, `change_name`, `file_path`, `origin_name`, `status`) VALUES (19, '2024-05-07 13:42:41.000000', 'hi_je26_prinne_1.jpg', 'upload-dir/hi_je26_prinne_1.jpg', 'hi_je26_prinne_1.jpg', 'Y');
INSERT INTO `attachment` (`file_no`, `upload_date`, `change_name`, `file_path`, `origin_name`, `status`) VALUES (20, '2024-05-07 13:42:41.000000', 'hi_je26_prinne_2.jpg', 'upload-dir/hi_je26_prinne_2.jpg', 'hi_je26_prinne_2.jpg', 'Y');
INSERT INTO `attachment` (`file_no`, `upload_date`, `change_name`, `file_path`, `origin_name`, `status`) VALUES (21, '2024-05-07 13:42:41.000000', 'hi_je26_prinne_3.jpg', 'upload-dir/hi_je26_prinne_3.jpg', 'hi_je26_prinne_3.jpg', 'Y');
INSERT INTO `attachment` (`file_no`, `upload_date`, `change_name`, `file_path`, `origin_name`, `status`) VALUES (22, '2024-05-07 13:42:41.000000', 'yj_jn03top_1.jpg', 'upload-dir/yj_jn03top_1.jpg', 'yj_jn03top_1.jpg', 'Y');
INSERT INTO `attachment` (`file_no`, `upload_date`, `change_name`, `file_path`, `origin_name`, `status`) VALUES (23, '2024-05-07 13:42:41.000000', 'yj_jn03top_2.jpg', 'upload-dir/yj_jn03top_2.jpg', 'yj_jn03top_2.jpg', 'Y');
INSERT INTO `attachment` (`file_no`, `upload_date`, `change_name`, `file_path`, `origin_name`, `status`) VALUES (24, '2024-05-07 13:42:41.000000', 'yj_jn03top_3.jpg', 'upload-dir/yj_jn03top_3.jpg', 'yj_jn03top_3.jpg', 'Y');
INSERT INTO `attachment` (`file_no`, `upload_date`, `change_name`, `file_path`, `origin_name`, `status`) VALUES (25, '2024-05-07 13:42:41.000000', 'yy_jn0127_5lt_1.jpg', 'upload-dir/yy_jn0127_5lt_1.jpg', 'yy_jn0127_5lt_1.jpg', 'Y');
INSERT INTO `attachment` (`file_no`, `upload_date`, `change_name`, `file_path`, `origin_name`, `status`) VALUES (26, '2024-05-07 13:42:41.000000', 'yy_jn0127_5lt_2.jpg', 'upload-dir/yy_jn0127_5lt_2.jpg', 'yy_jn0127_5lt_2.jpg', 'Y');
INSERT INTO `attachment` (`file_no`, `upload_date`, `change_name`, `file_path`, `origin_name`, `status`) VALUES (27, '2024-05-07 13:42:41.000000', 'yy_jn0127_5lt_3.jpg', 'upload-dir/yy_jn0127_5lt_3.jpg', 'yy_jn0127_5lt_3.jpg', 'Y');
INSERT INTO `attachment` (`file_no`, `upload_date`, `change_name`, `file_path`, `origin_name`, `status`) VALUES (28, '2024-05-07 13:42:41.000000', 'hj_bj10_top_1.jpg', 'upload-dir/hj_bj10_top_1.jpg', 'hj_bj10_top_1.jpg', 'Y');
INSERT INTO `attachment` (`file_no`, `upload_date`, `change_name`, `file_path`, `origin_name`, `status`) VALUES (29, '2024-05-07 13:42:41.000000', 'hj_bj10_top_2.jpg', 'upload-dir/hj_bj10_top_2.jpg', 'hj_bj10_top_2.jpg', 'Y');
INSERT INTO `attachment` (`file_no`, `upload_date`, `change_name`, `file_path`, `origin_name`, `status`) VALUES (30, '2024-05-07 13:42:41.000000', 'hj_bj10_top_3.jpg', 'upload-dir/hj_bj10_top_3.jpg', 'hj_bj10_top_3.jpg', 'Y');
INSERT INTO `attachment` (`file_no`, `upload_date`, `change_name`, `file_path`, `origin_name`, `status`) VALUES (31, '2024-05-07 13:42:41.000000', 'ya_eb8top_1.jpg', 'upload-dir/ya_eb8top_1.jpg', 'ya_eb8top_1.jpg', 'Y');
INSERT INTO `attachment` (`file_no`, `upload_date`, `change_name`, `file_path`, `origin_name`, `status`) VALUES (32, '2024-05-07 13:42:41.000000', 'ya_eb8top_2.jpg', 'upload-dir/ya_eb8top_2.jpg', 'ya_eb8top_2.jpg', 'Y');
INSERT INTO `attachment` (`file_no`, `upload_date`, `change_name`, `file_path`, `origin_name`, `status`) VALUES (33, '2024-05-07 13:42:41.000000', 'ya_eb8top_3.jpg', 'upload-dir/ya_eb8top_3.jpg', 'ya_eb8top_3.jpg', 'Y');
INSERT INTO `attachment` (`file_no`, `upload_date`, `change_name`, `file_path`, `origin_name`, `status`) VALUES (34, '2024-05-07 13:42:41.000000', 'hk_0317cd_12_topd_1.jpg', 'upload-dir/hk_0317cd_12_topd_1.jpg', 'hk_0317cd_12_topd_1.jpg', 'Y');
INSERT INTO `attachment` (`file_no`, `upload_date`, `change_name`, `file_path`, `origin_name`, `status`) VALUES (35, '2024-05-07 13:42:41.000000', 'hk_0317cd_12_topd_2.jpg', 'upload-dir/hk_0317cd_12_topd_2.jpg', 'hk_0317cd_12_topd_2.jpg', 'Y');
INSERT INTO `attachment` (`file_no`, `upload_date`, `change_name`, `file_path`, `origin_name`, `status`) VALUES (36, '2024-05-07 13:42:41.000000', 'hk_0317cd_12_topd_3.jpg', 'upload-dir/hk_0317cd_12_topd_3.jpg', 'hk_0317cd_12_topd_3.jpg', 'Y');
INSERT INTO `attachment` (`file_no`, `upload_date`, `change_name`, `file_path`, `origin_name`, `status`) VALUES (37, '2024-05-07 13:42:41.000000', 'hk_23fwrestock_pants_hodin_1.jpg', 'upload-dir/hk_23fwrestock_pants_hodin_1.jpg', 'hk_23fwrestock_pants_hodin_1.jpg', 'Y');
INSERT INTO `attachment` (`file_no`, `upload_date`, `change_name`, `file_path`, `origin_name`, `status`) VALUES (38, '2024-05-07 13:42:41.000000', 'hk_23fwrestock_pants_hodin_2.jpg', 'upload-dir/hk_23fwrestock_pants_hodin_2.jpg', 'hk_23fwrestock_pants_hodin_2.jpg', 'Y');
INSERT INTO `attachment` (`file_no`, `upload_date`, `change_name`, `file_path`, `origin_name`, `status`) VALUES (39, '2024-05-07 13:42:41.000000', 'hk_23fwrestock_pants_hodin_3.jpg', 'upload-dir/hk_23fwrestock_pants_hodin_3.jpg', 'hk_23fwrestock_pants_hodin_3.jpg', 'Y');
INSERT INTO `attachment` (`file_no`, `upload_date`, `change_name`, `file_path`, `origin_name`, `status`) VALUES (40, '2024-05-07 13:42:41.000000', 'ya_se1pt_1.jpg', 'upload-dir/ya_se1pt_1.jpg', 'ya_se1pt_1.jpg', 'Y');
INSERT INTO `attachment` (`file_no`, `upload_date`, `change_name`, `file_path`, `origin_name`, `status`) VALUES (41, '2024-05-07 13:42:41.000000', 'ya_se1pt_2.jpg', 'upload-dir/ya_se1pt_2.jpg', 'ya_se1pt_2.jpg', 'Y');
INSERT INTO `attachment` (`file_no`, `upload_date`, `change_name`, `file_path`, `origin_name`, `status`) VALUES (42, '2024-05-07 13:42:41.000000', 'ya_se1pt_3.jpg', 'upload-dir/ya_se1pt_3.jpg', 'ya_se1pt_3.jpg', 'Y');
INSERT INTO `attachment` (`file_no`, `upload_date`, `change_name`, `file_path`, `origin_name`, `status`) VALUES (43, '2024-05-07 13:42:41.000000', 'hk_je06_pants_01.jpg', 'upload-dir/hk_je06_pants_01.jpg', 'hk_je06_pants_01.jpg', 'Y');
INSERT INTO `attachment` (`file_no`, `upload_date`, `change_name`, `file_path`, `origin_name`, `status`) VALUES (44, '2024-05-07 13:42:41.000000', 'hk_je06_pants_02.jpg', 'upload-dir/hk_je06_pants_02.jpg', 'hk_je06_pants_02.jpg', 'Y');
INSERT INTO `attachment` (`file_no`, `upload_date`, `change_name`, `file_path`, `origin_name`, `status`) VALUES (45, '2024-05-07 13:42:41.000000', 'hk_je06_pants_03.jpg', 'upload-dir/hk_je06_pants_03.jpg', 'hk_je06_pants_03.jpg', 'Y');
INSERT INTO `attachment` (`file_no`, `upload_date`, `change_name`, `file_path`, `origin_name`, `status`) VALUES (46, '2024-05-07 13:42:41.000000', 'hj_je1_pt_d-1.jpg', 'upload-dir/hj_je1_pt_d-1.jpg', 'hj_je1_pt_d-1.jpg', 'Y');
INSERT INTO `attachment` (`file_no`, `upload_date`, `change_name`, `file_path`, `origin_name`, `status`) VALUES (47, '2024-05-07 13:42:41.000000', 'hj_je1_pt_d-2.jpg', 'upload-dir/hj_je1_pt_d-2.jpg', 'hj_je1_pt_d-2.jpg', 'Y');
INSERT INTO `attachment` (`file_no`, `upload_date`, `change_name`, `file_path`, `origin_name`, `status`) VALUES (48, '2024-05-07 13:42:41.000000', 'hj_je1_pt_d-3.jpg', 'upload-dir/hj_je1_pt_d-3.jpg', 'hj_je1_pt_d-3.jpg', 'Y');


INSERT INTO `product` (`product_no`, `product_name`, `product_price`, `product_stock`, `category_no`, `file_no1`, `file_no2`, `file_no3`, `product_state`) VALUES (1, '멜롯 투웨이 후드집업', 29000, 21, 1, 1, 2, 3, 'Y');
INSERT INTO `product` (`product_no`, `product_name`, `product_price`, `product_stock`, `category_no`, `file_no1`, `file_no2`, `file_no3`, `product_state`) VALUES (2, '도미닉 베이직 자켓', 64000, 19, 1, 4, 5, 6, 'Y');
INSERT INTO `product` (`product_no`, `product_name`, `product_price`, `product_stock`, `category_no`, `file_no1`, `file_no2`, `file_no3`, `product_state`) VALUES (3, '쥬넬 썸머 볼레로 가디건', 25000, 15, 1, 7, 8, 9, 'Y');
INSERT INTO `product` (`product_no`, `product_name`, `product_price`, `product_stock`, `category_no`, `file_no1`, `file_no2`, `file_no3`, `product_state`) VALUES (4, '콜린즈 스티치 윈드브레이커', 72000, 29, 1, 10, 11, 12, 'Y');
INSERT INTO `product` (`product_no`, `product_name`, `product_price`, `product_stock`, `category_no`, `file_no1`, `file_no2`, `file_no3`, `product_state`) VALUES (5, '란드 나일론 후드 윈드브레이커 점퍼', 56000, 13, 1, 13, 14, 15, 'Y');
INSERT INTO `product` (`product_no`, `product_name`, `product_price`, `product_stock`, `category_no`, `file_no1`, `file_no2`, `file_no3`, `product_state`) VALUES (6, '캐슬린 패턴 오버핏셔츠', 39000, 37, 2, 16, 17, 18, 'Y');
INSERT INTO `product` (`product_no`, `product_name`, `product_price`, `product_stock`, `category_no`, `file_no1`, `file_no2`, `file_no3`, `product_state`) VALUES (7, '프린느 꽈배기 크롭 니트', 32000, 40, 2, 19, 20, 21, 'Y');
INSERT INTO `product` (`product_no`, `product_name`, `product_price`, `product_stock`, `category_no`, `file_no1`, `file_no2`, `file_no3`, `product_state`) VALUES (8, '닉시 버튼 카라티', 24000, 21, 2, 22, 23, 24, 'Y');
INSERT INTO `product` (`product_no`, `product_name`, `product_price`, `product_stock`, `category_no`, `file_no1`, `file_no2`, `file_no3`, `product_state`) VALUES (9, '샌드링 브이넥 워머 크롭티', 19000, 14, 2, 25, 26, 27, 'Y');
INSERT INTO `product` (`product_no`, `product_name`, `product_price`, `product_stock`, `category_no`, `file_no1`, `file_no2`, `file_no3`, `product_state`) VALUES (10, '루빈스 프린팅 반팔티', 23000, 13, 2, 28, 29, 30, 'Y');
INSERT INTO `product` (`product_no`, `product_name`, `product_price`, `product_stock`, `category_no`, `file_no1`, `file_no2`, `file_no3`, `product_state`) VALUES (11, '큐톤 썸머 루즈핏 버튼 긴팔티', 18000, 49, 2, 31, 32, 33, 'Y');
INSERT INTO `product` (`product_no`, `product_name`, `product_price`, `product_stock`, `category_no`, `file_no1`, `file_no2`, `file_no3`, `product_state`) VALUES (12, '앤더슨 프린팅 나일론 맨투맨', 59000, 19, 2, 34, 35, 36, 'Y');
INSERT INTO `product` (`product_no`, `product_name`, `product_price`, `product_stock`, `category_no`, `file_no1`, `file_no2`, `file_no3`, `product_state`) VALUES (13, '호딘 트레이닝 팬츠', 28000, 12, 3, 37, 38, 39, 'Y');
INSERT INTO `product` (`product_no`, `product_name`, `product_price`, `product_stock`, `category_no`, `file_no1`, `file_no2`, `file_no3`, `product_state`) VALUES (14, '도미닉 와이드 롱 슬랙스', 29000, 44, 3, 40, 41, 42, 'Y');
INSERT INTO `product` (`product_no`, `product_name`, `product_price`, `product_stock`, `category_no`, `file_no1`, `file_no2`, `file_no3`, `product_state`) VALUES (15, '리처 와이드 코튼팬츠', 34000, 17, 3, 43, 44, 45, 'Y');
INSERT INTO `product` (`product_no`, `product_name`, `product_price`, `product_stock`, `category_no`, `file_no1`, `file_no2`, `file_no3`, `product_state`) VALUES (16, '스터프 나일론 숏팬츠', 25000, 20, 3, 46, 47, 48, 'Y');



INSERT INTO review (review_no, file_no, mem_no, product_no, review_title, review_content, review_date, review_star, review_state) VALUES (1, '1', '1', '1', '저렴한 가격에 소재도 좋고 투웨이여서 더욱 맘에 들어요', '얇고 부들거려서 딱 요즘 날씨에 입기 좋아요! 크롭 기장도 적당하고 최고~~~~', '2024-04-29', 5, 'Y');
INSERT INTO review (review_no, file_no, mem_no, product_no, review_title, review_content, review_date, review_star, review_state) VALUES (2, '1', '2', '1', '널널한 핏에 되게 얇아서 환절기에 하나만 입고 다녀도 덥지도 춥지도 않아요', '소매가 예쁘게 살짝 길어서 좋았어요 어디든 받쳐입기도 좋고 ...', '2024-04-19', 5, 'Y');
INSERT INTO review (review_no, file_no, mem_no, product_no, review_title, review_content, review_date, review_star, review_state) VALUES (3, '1', '3', '1', 'ㅠㅠ 너무 예뻐요', '약간 크롭한 기장의 가죽자켓이랑 입으려고 샀는데 찰떡이고 기냥 혼자 입어도 엄청 이뻐요', '2024-04-11', 5, 'Y');
INSERT INTO review (review_no, file_no, mem_no, product_no, review_title, review_content, review_date, review_star, review_state) VALUES (4, '1', '4', '1', '요즘 제일 손 많이 가는 아이템이에요.', '핏이 별로면 어떡하나 걱정했는데 입어보니 예쁘게 떨어졌고 생각한 정도로 두께가 얇아서 지금 입기 좋을 것 같네요 ㅎㅎ', '2024-04-02', 5, 'Y');
INSERT INTO review (review_no, file_no, mem_no, product_no, review_title, review_content, review_date, review_star, review_state) VALUES (5, '1', '5', '2', '잘산 것 같아서 대만족이에요.. ㅎㅎ', '기장도 예쁘고 적당한 오버핏으로 입을 수 있어요 두께는 봄 가을 약간 쌀쌀하거나 따뜻한 날씨까지 다 가볍게 걸칠 수 있을 정도입니다:)', '2024-05-11', 5, 'Y');
INSERT INTO review (review_no, file_no, mem_no, product_no, review_title, review_content, review_date, review_star, review_state) VALUES (6, '1', '6', '2', '가격이 합리적이고 만족스러워유', '예쁜 오버핏이고 저 어깡인디 어깨패드도 간지나게 적당합니당', '2024-04-18', 5, 'Y');
INSERT INTO review (review_no, file_no, mem_no, product_no, review_title, review_content, review_date, review_star, review_state) VALUES (7, '1', '7', '3', '실제로 입으면 더 예쁜 스타일 같아요', '가격대비 퀄리티도 좋고 나시나 원피스 입을때 걸치니까 예뻤어요 배송도 빨랐고 시원하게 잘 입을둣 합니다', '2024-04-02', 4, 'Y');
INSERT INTO review (review_no, file_no, mem_no, product_no, review_title, review_content, review_date, review_star, review_state) VALUES (8, '1', '8', '3', '너무 예뻐요!', '여리여리해보이고 휘뚜루마뚜루 입기 좋은 스타일이에요! 가볍고 편해서 자주 손이 가네요ㅎㅎ', '2024-04-02', 5, 'Y');
INSERT INTO review (review_no, file_no, mem_no, product_no, review_title, review_content, review_date, review_star, review_state) VALUES (9, '1', '9', '3', '가디건 가볍고 이뻐요!', '아무옷이랑 입어도 다 잘어울려서 많이 입을 것 같아요:)', '2024-04-02', 5, 'Y');
INSERT INTO review (review_no, file_no, mem_no, product_no, review_title, review_content, review_date, review_star, review_state) VALUES (10, '1', '10', '4', '평소에 휘뚜루마뚜루로 입을 듯 해오 !!!', '편하구 줄이는 것두 있어서 좋았어요!!!!', '2024-05-02', 5, 'Y');
INSERT INTO review (review_no, file_no, mem_no, product_no, review_title, review_content, review_date, review_star, review_state) VALUES (11, '1', '11', '4', '사길 너무 잘했어요', '봄에 입기 너무 딱이고 재질도좋고 사이즈도 딱입니다', '2024-04-23', 5, 'Y');
INSERT INTO review (review_no, file_no, mem_no, product_no, review_title, review_content, review_date, review_star, review_state) VALUES (12, '1', '1', '4', '가을에 딱 좋습니당', '스티치 부분 너무 귀여워용 근데 사이즈가 조금 더 컸으면 더 귀여웠을 것 같아여 !', '2024-04-03', 4, 'Y');
INSERT INTO review (review_no, file_no, mem_no, product_no, review_title, review_content, review_date, review_star, review_state) VALUES (13, '1', '2', '5', '색이 예뿌고 특이해요!', '막 입기 좋은 바람막이 찾고 있었는데 진짜 만족해욤 ㅎㅎ', '2024-05-18', 5, 'Y');
INSERT INTO review (review_no, file_no, mem_no, product_no, review_title, review_content, review_date, review_star, review_state) VALUES (14, '1', '3', '5', '기장 딱 너무 좋구요 핏듀 너무 이쁨여', '이런 재질의 옷은 몇년만에 입어보는데 역시 너무 힙하면서 이쁘다..', '2024-05-17', 5, 'Y');
INSERT INTO review (review_no, file_no, mem_no, product_no, review_title, review_content, review_date, review_star, review_state) VALUES (15, '2', '4', '6', '진짜 너무 너무 너무 예뻐요', '부드럽고 몸에 착 떨어지고 오버핏인데 절대 부해보이지 않음 ㅠㅠ', '2024-04-18', 5, 'Y');
INSERT INTO review (review_no, file_no, mem_no, product_no, review_title, review_content, review_date, review_star, review_state) VALUES (16, '2', '5', '6', '이런거 자주 내주세요 ㅜㅜ', '유니크해서 둘다 마음에 들고, 비침은 크게 없어요!', '2024-04-17', 5, 'Y');
INSERT INTO review (review_no, file_no, mem_no, product_no, review_title, review_content, review_date, review_star, review_state) VALUES (17, '2', '6', '6', '하나만입어도 포인트 낭낭', '예쁘고 구김안가고 짱짱한 셔츠에요 미끌미끌한 재질쓰 크기가 딱 좋아서 너무 잘입고다녔어요', '2024-04-17', 5, 'Y');
INSERT INTO review (review_no, file_no, mem_no, product_no, review_title, review_content, review_date, review_star, review_state) VALUES (18, '2', '7', '6', '진짜 당장당장 사십시오', '촤르르 떨어지는 핏에 원단 너무 좋구여 색감도 너무 옘브구요 뭐 단점이랄게 없습니다요 잠궈입어도 예쁘고 열어입어도 예뻐요', '2024-05-17', 5, 'Y');
INSERT INTO review (review_no, file_no, mem_no, product_no, review_title, review_content, review_date, review_star, review_state) VALUES (19, '2', '8', '6', '옷 진짜 너무 이뻐요ㅠ', '사진이랑 똑같아요!! 소재도 너무 나풀나풀하니 좋고 오버핏이라 다양한 느낌으로 연출 가능해요!', '2024-05-17', 5, 'Y');
INSERT INTO review (review_no, file_no, mem_no, product_no, review_title, review_content, review_date, review_star, review_state) VALUES (20, '2', '9', '7', '진심 눔예!!!!', '재질이 딱 적당해요 너무 얆지도않고, 디자인도 이쁘고 길이만 조금만 더 길면 최고!!', '2024-05-24', 4, 'Y');
INSERT INTO review (review_no, file_no, mem_no, product_no, review_title, review_content, review_date, review_star, review_state) VALUES (21, '2', '10', '7', '화면이랑 같아요', '쨍한 핑크가 아니라 딸기우유 자체예요', '2024-05-03', 5, 'Y');
INSERT INTO review (review_no, file_no, mem_no, product_no, review_title, review_content, review_date, review_star, review_state) VALUES (22, '2', '11', '7', '너어ㅓㅇㅇ어어어어무ㅜ이뻐요…', '재질도 포근하구 보들하구 너무좋네여…… 브이넥도 적당하구요! 크롭길이감도 안부담스럽습니당', '2024-05-02', 5, 'Y');
INSERT INTO review (review_no, file_no, mem_no, product_no, review_title, review_content, review_date, review_star, review_state) VALUES (23, '2', '1', '8', '보자마자 너무 예뻐서 사야겠다고 생각했어요~', '적당한 크롭이라 엄청 부담스럽지 않아 딱 좋았습니다 ! 하이웨스트 바지랑 입으면 딱 예뻐요 !!!!!!!', '2024-03-27', 5, 'Y');
INSERT INTO review (review_no, file_no, mem_no, product_no, review_title, review_content, review_date, review_star, review_state) VALUES (24, '2', '2', '8', '마음에 드는 옷 top에 들어요.', '생각보다 두께가 있어서 한여름엔 못 입을 거 같고 지금 입기 딱 좋은 거 같아서 열심히 입으려구요 :)', '2024-03-18', 5, 'Y');
INSERT INTO review (review_no, file_no, mem_no, product_no, review_title, review_content, review_date, review_star, review_state) VALUES (25, '2', '3', '8', '색상도 옷 마감도 너무 만족입니다', '생각보다 많이 타이트해서 말라보여서 좋아요 어떤 하의든 잘 매치할 수 있어서 좋았습니다', '2024-03-10', 5, 'Y');
INSERT INTO review (review_no, file_no, mem_no, product_no, review_title, review_content, review_date, review_star, review_state) VALUES (26, '2', '4', '9', '이런 브이넥에 워머 달린 티 찾고 있었는데 매우 저렴한 가격에 사게 되어 눈물이 주룩주룩 납니다', '생각보다 좀 더 얇고 밑부분이 약간 뜨긴 하지만 정말 이뻐요 색깔도 딱 이쁜..', '2024-05-10', 4, 'Y');
INSERT INTO review (review_no, file_no, mem_no, product_no, review_title, review_content, review_date, review_star, review_state) VALUES (27, '2', '5', '9', '사이즈는 딱 잘 맞아요 그리구 예뻐요!', '근데 다른 브이넥 티보다 아주 약간 부해보이는 느낌이 들고, 약간 비치기도 하고, 한 번 입었는데도 팔 소매 근처에서 실? 같은게 쪼끔씩 나오더라구용 근데 또 그렇게 불편한 정도는 아니에용', '2024-04-04', 4, 'Y');
INSERT INTO review (review_no, file_no, mem_no, product_no, review_title, review_content, review_date, review_star, review_state) VALUES (28, '2', '6', '9', '기본티로 좋아용', '이뻐요 안에 나시랑 레이어드 해서 입으면 춥지도 않아요', '2024-03-19', 5, 'Y');
INSERT INTO review (review_no, file_no, mem_no, product_no, review_title, review_content, review_date, review_star, review_state) VALUES (29, '2', '7', '9', '여리여리 너무 예뻐요', '평소 워머티를 좋아하는데 크롭 워머에 색감까지 예쁘다니ㅠㅠ', '2024-03-18', 5, 'Y');
INSERT INTO review (review_no, file_no, mem_no, product_no, review_title, review_content, review_date, review_star, review_state) VALUES (30, '2', '8', '9', '봄에 입으려고 파스텔 톤의 상의를 찾다가 구매하게 되었어요.', '재질도 좋고 핏도 맘에 들어요!!', '2024-03-10', 5, 'Y');
INSERT INTO review (review_no, file_no, mem_no, product_no, review_title, review_content, review_date, review_star, review_state) VALUES (31, '2', '9', '10', '이걸 여름 다 지나갈때 구매해서 아쉽네요 진작에 살껄', '큰 기대 안했는데 핏, 디자인, 색상 다 예뻐서 완전 맘에 든 옷이에요!', '2024-05-08', 5, 'Y');
INSERT INTO review (review_no, file_no, mem_no, product_no, review_title, review_content, review_date, review_star, review_state) VALUES (32, '2', '10', '10', '색 너무 이뻐요', '한여름에 입기엔 조금 더울 거 같긴 하지만 색도 안 흔하게 예뻐서 자주 입고 있어요', '2024-04-21', 5, 'Y');
INSERT INTO review (review_no, file_no, mem_no, product_no, review_title, review_content, review_date, review_star, review_state) VALUES (33, '2', '11', '10', '저한테는 조금 짧았어요', '근데 소재며 색감이며 넘 예뻐요 자주 입을 것 같아요', '2024-04-11', 4, 'Y');
INSERT INTO review (review_no, file_no, mem_no, product_no, review_title, review_content, review_date, review_star, review_state) VALUES (34, '2', '1', '11', '찰랑거리는 재질에 가볍고 너무 좋아요!', '핏이 되게 여리여리해보여요ㅠㅠ 지금 입기 좋아요', '2024-04-14', 5, 'Y');
INSERT INTO review (review_no, file_no, mem_no, product_no, review_title, review_content, review_date, review_star, review_state) VALUES (35, '2', '2', '11', '정말 이뻐요 !!', '별 기대 안하고 시켰었는데 제일 마음에 들었던 옷이에요 ㅠㅠ 이거 입고 인생샷 여럿 건지고 왔습니다', '2024-04-04', 5, 'Y');
INSERT INTO review (review_no, file_no, mem_no, product_no, review_title, review_content, review_date, review_star, review_state) VALUES (36, '2', '3', '12', '핏이 너무 예뻐요', '너무 벙벙할까봐 걱정했는데 너무 예뻐용! 아직은 추워서 좀 더 따수워지면 입으려구용! 만족스러워용!', '2024-04-20', 5, 'Y');
INSERT INTO review (review_no, file_no, mem_no, product_no, review_title, review_content, review_date, review_star, review_state) VALUES (37, '2', '4', '12', '첨엔 좀 커보였는데 청바지랑 입으면 대존예..!!!', '핏이 진짜 예뻐효 요즘 날씨에 밤에 입기 좋아효', '2024-03-24', 5, 'Y');
INSERT INTO review (review_no, file_no, mem_no, product_no, review_title, review_content, review_date, review_star, review_state) VALUES (38, '3', '5', '13', '고민 없이 보자마자 구입했습니다.!', '배송오자마자 입어봤는데 제가 생각하는 딱 그 핏이여서 좋았어요!', '2024-04-22', 5, 'Y');
INSERT INTO review (review_no, file_no, mem_no, product_no, review_title, review_content, review_date, review_star, review_state) VALUES (39, '3', '6', '13', '편하고 핏 조아욤 !!', '진짜 핏 최고구요 밴딩도 짱짱하고 지금 날씨에 입기 딱 괜찮은 두께감이여서 거부감 없이 입으실 수 있습니다 !', '2024-04-18', 5, 'Y');
INSERT INTO review (review_no, file_no, mem_no, product_no, review_title, review_content, review_date, review_star, review_state) VALUES (40, '3', '7', '13', '다리도 길어보여가주구 너무너무 만족합니당', '칭구들이 예부다고 어디서 샀냐구 물어보고 그랬어욘 핳 자주 입어서 무릎나오진 않을까 걱정입네다', '2024-04-12', 5, 'Y');
INSERT INTO review (review_no, file_no, mem_no, product_no, review_title, review_content, review_date, review_star, review_state) VALUES (41, '3', '8', '14', '신축성좋고!재질도 좋아용-!-!', '하이웨스트라 뱃살도 잡아줘서 좋습니당', '2024-05-04', 5, 'Y');
INSERT INTO review (review_no, file_no, mem_no, product_no, review_title, review_content, review_date, review_star, review_state) VALUES (42, '3', '9', '14', '진짜 .... 너무 잘샀읍니다....', '저는 무조건 바지는 긴 기장에 흘러넘치는 기장 사랑하거든요..... 킹본새나서요........', '2024-04-07', 5, 'Y');
INSERT INTO review (review_no, file_no, mem_no, product_no, review_title, review_content, review_date, review_star, review_state) VALUES (43, '3', '10', '14', '완전 추천이요', '옷이 너무 정말 너무 편하고 앉았다 일어날 때도 바지를 안 입은 것 같을 정도로 정말 편해요.', '2024-04-05', 5, 'Y');
INSERT INTO review (review_no, file_no, mem_no, product_no, review_title, review_content, review_date, review_star, review_state) VALUES (44, '3', '11', '14', '여름용이라서 시원하고 가벼워요.', '일단 너무 가벼워서 좋았고 천이 되게 얇아서 여름에 입기 정말 좋은거 같아요. 하이웨스트라 다리도 길어보이고 굉장히 좋은것 같아요 !! 추천드립니당 ㅎㅎ', '2024-04-05', 5, 'Y');
INSERT INTO review (review_no, file_no, mem_no, product_no, review_title, review_content, review_date, review_star, review_state) VALUES (45, '3', '1', '15', '너무 맘에듭니다', '핏도 딱 원하는 핏이고 길이감도 허리도 좋네요! 아주더운 여름 제외하곤 앞으로 쭉 입을수있을것같습니다', '2024-04-07', 5, 'Y');
INSERT INTO review (review_no, file_no, mem_no, product_no, review_title, review_content, review_date, review_star, review_state) VALUES (46, '3', '2', '15', '와.. 진짜 여러분... 이 바지 꼭 사셔야합니다', '데일리용으로 입기에 너무 좋을 것 같아서 구매했는데 역시나 만족이네요.', '2024-04-04', 5, 'Y');
INSERT INTO review (review_no, file_no, mem_no, product_no, review_title, review_content, review_date, review_star, review_state) VALUES (47, '3', '3', '15', '와이드 면바지 처음 입어보는데 너무 만족', '색감 진짜 예뻐요... 흰바지는 처음 사보는데 너무 예쁩니다', '2024-03-31', 5, 'Y');
INSERT INTO review (review_no, file_no, mem_no, product_no, review_title, review_content, review_date, review_star, review_state) VALUES (48, '3', '4', '16', '진짜 시웡하고 예뻐용!!!', '너~~~무 짧아보이지 않고 편해 보여서 좋아요! 동네 돌아다닐 때 자주 입을 것 같아요 ㅎㅎ', '2024-03-31', 5, 'Y');

--INSERT INTO `product` (`product_no`, `product_name`, `product_desc`, `product_price`, `product_stock`, `category_no`, `file_no1` , `file_no2`, `file_no3`) VALUES (1, 'Colorful Stylish Shirt', '한국에서 만든 고가의 코튼 원단!  레이스 스컷이랍니다~\n 허리 부분 밴딩으로 사이즈 55-66까지 좋으시구요!\n 반팔 티셧에도 블라에도 니트도 다 사랑스럽게 입기에 너무 좋으세요\n 고가의 레이스로 그 결 짜임이 너무 이쁜 아이였어요~\n 오래도록 함께 하기에 너무 좋은 스컷이 되실것 같아요~\n 매년마다 꺼내서 입으시는 러블리 무드의 스컷으로 자주 자주 입혀지실 아이랍니다~\n 사심을 담뿍이 담아 강추 강추 드리며 굿 초이스 되세요^^', 15000, 26, 1, 1, 2, 3);
--INSERT INTO `product` (`product_no`, `product_name`, `product_desc`, `product_price`, `product_stock`, `category_no`, `file_no1` , `file_no2`, `file_no3`) VALUES (2, 'Quartz Belt Watch', '한국에서 만든 고가의 코튼 원단!  레이스 스컷이랍니다~\n 허리 부분 밴딩으로 사이즈 55-66까지 좋으시구요!\n 반팔 티셧에도 블라에도 니트도 다 사랑스럽게 입기에 너무 좋으세요\n 고가의 레이스로 그 결 짜임이 너무 이쁜 아이였어요~\n 오래도록 함께 하기에 너무 좋은 스컷이 되실것 같아요~\n 매년마다 꺼내서 입으시는 러블리 무드의 스컷으로 자주 자주 입혀지실 아이랍니다~\n 사심을 담뿍이 담아 강추 강추 드리며 굿 초이스 되세요^^', 26000, 18, 2, 3, 4, 5);
